{"cameraMode":{"drawMode":0,"name":"Shaded","section":"Shading Mode"},"sceneLighting":true,"audioPlay":false,"sceneViewState":{"m_AlwaysRefresh":false,"showFog":true,"showSkybox":true,"showFlares":true,"showImageEffects":true,"showParticleSystems":true,"showVisualEffectGraphs":true,"m_FxEnabled":true},"in2DMode":false,"pivot":{"x":-0.034244198352098468,"y":0.03424431383609772,"z":0.00011444091796875},"rotation":{"x":0.000002250011220894521,"y":0.9999974966049194,"z":0.0014999978011474014,"w":-0.001499999430961907},"size":6.0073957443237309,"orthographic":false}